C102S,20
C104S,20
LC1-INJ1,20
LC1-SFP1,20
LC3-SFP3,20
LCM-SFM0,20
RA2-995002L,20
RA2-995002R,20
RB1-0201,20
RB4-0202,20
RBM-0203,15
RC-ORing1,20
RC0-01601,20
RC1-01501,20
RC4-01401,13
RCM-01701,1
RS1-D102,20
RS1-F101,20
RS4-D102,20
RS4-F101,20
SFG-D102K,0
SFG-F101K,0
SFM-D102K,0
SFM-F101K,0
SFP-D102K,0
SFP-F101K,0
TTD1-01801,8
TTF1-01801,20
LTR14-2953500,10
LTR14-2955200,19
LTR14-2955570,20
LTR14-2963500,20
LTR14-2965200,10
LTR14-2965570,0
LTR16-2953500,12
LTR16-2955200,20
LTR16-2955570,19
LTR16-2963500,6
LTR16-2965200,20
LTR16-2965570,9
C1002B,20
C1002B-SET,0
C1004B,20
C1004B-SET,0
C1007B,20
C1007B-SET,1
C1302B,20
C1302B-SET,1
C1304B,20
C1304B-SET,0
C1307B,20
C1307B-SET,20
C1702B,20
C1702B-SET,0
C1702H,20
C1702H-SET,0
C1704B,20
C1704B-SET,4
C1704H,20
C1704H-SET,0
C1707B,20
C1707B-SET,8
C1707H,20
C1707H-SET,0
C1709B,20
C1709B-SET,4
C1709H34,20
C1709H34-SET,6
C21205BS,0
C21405BS,0
C21705BS,20
C22205B,5
C22405B,0
C22705B,18
C40205,20
C40405,20
C40705,20
C48205C,20
C48405C,19
C48705C,20
C504S,20
C540,20
C6002,20
C6002-SET,0
C6004,20
C6004-SET,0
C6007,20
C6007-SET,2
C608,6
C6301,20
C6312,2
C7002,20
C7002-SET,0
C7002B,20
C7002B-SET,20
C7004,20
C7004-SET,0
C7004B,20
C7004B-SET,11
C7007,20
C7007-SET,20
C7007B,20
C7007B-SET,18
C7301,20
C7301B,20
C7802,20
C7802-0,20
C7802-0-SET,2
C7802-SET,0
C7804,20
C7804-0,20
C7804-0-SET,0
C7804-SET,0
C7807,20
C7807-0,20
C7807-0-SET,20
C7807-SET,20
CXXX,0
C779,0
C780,0
C8202,0
C8204,0
C8207,0
C8854,0
C8857,0
HR786710,20
HR787050,20
HR787150,20
MMR12-216130,19
MMR12-216135,14
MMR12-216540,20
MMR12-216624,20
MMR12-296120,13
MMR12-296135,16
MMR12-296530,7
MMR12-296620,0
MMR12-816135,20
MMR12-816525,16
MMR12-816540,20
MMR12-896135,1
MMR12-896520,20
MMR12-896530,1
MMR12-896620,11
MMR14-216130,0
MMR14-216135,12
MMR14-216540,20
MMR14-216624,0
MMR14-296120,2
MMR14-296135,7
MMR14-296530,11
MMR14-296620,0
MMR14-816135,0
MMR14-816525,9
MMR14-816540,20
MMR14-896135,16
MMR14-896520,20
MMR14-896530,20
MMR14-896620,0
MMR16-216130,20
MMR16-216135,1
MMR16-216540,19
MMR16-216624,20
MMR16-296120,20
MMR16-296135,20
MMR16-296530,20
MMR16-296620,5
MMR16-816135,8
MMR16-816525,5
MMR16-816540,12
MMR16-896135,0
MMR16-896520,20
MMR16-896530,12
MMR16-896620,12
R106-570440,0
R106-580437,20
R106-580445,20
R13-2106155,10
R13-2106555,9
R13-2107355,8
R13-2856152,11
R13-2856552,19
R13-2857352,17
R13-776142,7
R13-776542,13
R13-777342,20
R13-786145,20
R13-786545,18
R13-787345,20
R13-876145,12
R13-876545,2
R13-877345,19
R13-886147,20
R13-886547,7
R13-887347,20
R13-896152,14
R13-896552,11
R13-897352,11
R14-2106155,1
R14-2106555,5
R14-2107355,8
R14-2856152,20
R14-2856552,1
R14-2857352,7
R14-776142,0
R14-776542,1
R14-777342,10
R14-786145,20
R14-786545,5
R14-787345,11
R14-876145,11
R14-876545,11
R14-877345,20
R14-886147,2
R14-886547,10
R14-887347,19
R14-896152,13
R14-896552,8
R14-897352,9
R15-2106155,16
R15-2106555,1
R15-2107355,4
R15-2856152,20
R15-2856552,20
R15-2857352,8
R15-776142,18
R15-776542,0
R15-777342,3
R15-786145,20
R15-786545,0
R15-787345,5
R15-876145,14
R15-876545,20
R15-877345,12
R15-886147,20
R15-886547,20
R15-887347,2
R15-896152,11
R15-896552,2
R15-897352,9
R16-2106155,20
R16-2106555,20
R16-2107355,0
R16-2856152,10
R16-2856552,13
R16-2857352,20
R16-776142,20
R16-776542,0
R16-777342,14
R16-786145,11
R16-786545,20
R16-787345,8
R16-876145,9
R16-876545,20
R16-877345,20
R16-886147,3
R16-886547,8
R16-887347,20
R16-896152,0
R16-896552,10
R16-897352,20
R21-516140,20
R21-516540,11
R21-546115,20
R21-546515,20
R21-566135,2
R21-566535,14
R21-576142,20
R21-576542,20
R21-586137,15
R21-586145,0
R21-586537,7
R21-586545,15
R21-776142,20
R21-776542,20
R21-777342,20
R21-786145,20
R21-786545,19
R21-787345,20
R23-516140,8
R23-516540,18
R23-546115,0
R23-546515,0
R23-566135,18
R23-566535,20
R23-576142,7
R23-576542,20
R23-586137,20
R23-586145,9
R23-586537,16
R23-586545,20
R23-776142,20
R23-776542,3
R23-777342,13
R23-786145,1
R23-786545,19
R23-787345,20
R24-516140,3
R24-516540,20
R24-546115,9
R24-546515,9
R24-566135,16
R24-566535,13
R24-576142,13
R24-576542,18
R24-586137,15
R24-586145,0
R24-586537,10
R24-586545,20
R24-776142,1
R24-776542,2
R24-777342,20
R24-786145,4
R24-786545,14
R24-787345,8
R30-566135,4
R30-566535,6
R30-576142,13
R30-576542,14
R30-586137,18
R30-586537,20
R30-646120,12
R30-646520,17
R30-648520,20
R30-666135,14
R30-666535,20
R30-668535,9
R30-686137,10
R30-686537,19
R30-688537,7
R31-566135,13
R31-566535,20
R31-567335,12
R31-576142,15
R31-576542,20
R31-577342,7
R31-586137,20
R31-586537,20
R31-587337,20
R31-646120,11
R31-646520,20
R31-648520,15
R31-666135,5
R31-666535,20
R31-667335,20
R31-668535,12
R31-686137,20
R31-686145,20
R31-686537,12
R31-686545,10
R31-687337,20
R31-687345,20
R31-688537,15
R31-688545,20
R33-566135,13
R33-566535,20
R33-567335,6
R33-576142,20
R33-576542,20
R33-577342,13
R33-586137,15
R33-586537,20
R33-587337,16
R33-646120,20
R33-646520,8
R33-648520,20
R33-666135,14
R33-666535,12
R33-667335,10
R33-668535,20
R33-686137,11
R33-686145,16
R33-686537,19
R33-686545,17
R33-687337,8
R33-687345,20
R33-688537,20
R33-688545,15
R40-546122,20
R40-546522,20
R41-546122,20
R41-546522,20
R43-546122,20
R43-546522,20
R60-516130,20
R60-516137,16
R60-516530,5
R60-516537,20
R60-517337,12
R60-518530,12
R60-518537,7
R60-546122,18
R60-546522,20
R60-547322,16
R60-548522,9
R60-586137,20
R60-586145,17
R60-586537,13
R60-586545,2
R60-587337,6
R60-587345,2
R60-588537,13
R60-588545,7
R60-616130,7
R60-616137,14
R60-616530,13
R60-616537,20
R60-617337,14
R60-618337-4WD,20
R60-618530,16
R60-618537,13
R60-618537-4WD,13
R61-516130,20
R61-516137,20
R61-516530,19
R61-516537,20
R61-517337,7
R61-518530,10
R61-518537,9
R61-546122,20
R61-546522,18
R61-547322,12
R61-548522,3
R61-586137,14
R61-586145,18
R61-586537,20
R61-586545,9
R61-587337,0
R61-587345,20
R61-588537,20
R61-588545,12
R61-616130,16
R61-616137,16
R61-616530,15
R61-616537,10
R61-617337,15
R61-618337-4WD,9
R61-618530,14
R61-618537,13
R61-618537-4WD,7
R70-516140,2
R70-516150,0
R70-516540,20
R70-516550,7
R70-517340,20
R70-517350,18
R70-518540,14
R70-518550,20
R70-546117,20
R70-546517,20
R70-548517,19
R70-566132,12
R70-566532,11
R70-568532,6
R70-576142,8
R70-576542,1
R70-577342,20
R70-578542,12
R70-586140,17
R70-586145,12
R70-586540,14
R70-586545,9
R70-587340,10
R70-587345,20
R70-588540,20
R70-588545,18
R70-776142,20
R70-776542,20
R70-777342,20
R70-778542,14
R70-786145,20
R70-786545,12
R70-787345,20
R70-788545,14
R71-516140,18
R71-516150,17
R71-516540,8
R71-516550,20
R71-517340,20
R71-517350,0
R71-518540,20
R71-518550,16
R71-546117,20
R71-546517,19
R71-548517,17
R71-566132,4
R71-566532,20
R71-568532,13
R71-576142,10
R71-576542,15
R71-577342,20
R71-578542,20
R71-586140,20
R71-586145,4
R71-586540,19
R71-586545,8
R71-587340,10
R71-587345,20
R71-588540,20
R71-588545,20
R71-776142,11
R71-776542,15
R71-777342,17
R71-778542,0
R71-786145,20
R71-786545,20
R71-787345,20
R71-788545,20
R80-656118,14
R80-656518,20
R80-657318,20
R80-658518,0
R80-866123,20
R80-866523,20
R80-867323,7
R80-868523,20
R88-656118,7
R88-656518,20
R88-657318,20
R88-658518,20
R88-866123,20
R88-866523,20
R88-867323,20
R88-868523,20
R90-656123,17
R90-656523,20
R90-657323,20
R90-658523,16
R90-866128,20
R90-866528,20
R90-867328,18
R90-868528,20
R93-656123,20
R93-656523,11
R93-657323,20
R93-658523,0
R93-866128,1
R93-866528,20
R93-867328,1
R93-868528,20
R99-0016B,4
RB3X6-2,20
RRW-1017.v2,20
RTS1-G-2XL,20
RTS1-G-3XL,20
RTS1-G-4XL,9
RTS1-G-L,20
RTS1-G-M,18
RTS1-G-S,20
RTS1-G-XL,20
RTS1-W-2XL,20
RTS1-W-3XL,20
RTS1-W-4XL,10
RTS1-W-L,20
RTS1-W-M,20
RTS1-W-S,20
RTS1-W-XL,20
RTS2-G-2XL,20
RTS2-G-3XL,20
RTS2-G-4XL,18
RTS2-G-L,20
RTS2-G-M,20
RTS2-G-S,15
RTS2-G-XL,20
TTR16-2126155,20
TTR16-2126160,20
TTR16-2126555,20
TTR16-2126560,20
TTR16-216145,8
TTR16-216150,11
TTR16-216155,8
TTR16-216160,13
TTR16-216545,8
TTR16-216550,11
TTR16-216555,20
TTR16-216560,16
TTR16-217345,8
TTR16-217350,6
TTR16-217355,1
TTR16-217360,14
TTR16-2856145,14
TTR16-2856150,15
TTR16-2856155,15
TTR16-2856160,12
TTR16-2856545,9
TTR16-2856550,9
TTR16-2856555,17
TTR16-2856560,16
TTR16-2857345,9
TTR16-2857350,15
TTR16-2857355,13
TTR16-2857360,17
TTR16-8116150,15
TTR16-8116160,20
TTR16-8116165,18
TTR16-8116170,20
TTR16-8116550,20
TTR16-8116560,20
TTR16-8116565,20
TTR16-8116570,20
TTR16-8117350,20
TTR16-8117360,20
TTR16-816145,15
TTR16-816150,20
TTR16-816155,20
TTR16-816160,15
TTR16-816545,13
TTR16-816550,10
TTR16-816555,11
TTR16-816560,13
TTR16-817350,6
TTR16-817355,9
TTR16-826155,16
TTR16-826160,20
TTR16-826555,20
TTR16-826560,20
TTR16-827355,12
TTR16-827360,15
TTR16-876140,20
TTR16-876145,20
TTR16-876540,14
TTR16-876545,20
TTR16-877340,16
TTR16-886145,19
TTR16-886150,20
TTR16-886155,20
TTR16-886545,20
TTR16-886550,20
TTR16-886555,9
TTR16-887345,8
TTR16-887350,16
TTR16-887355,12
TTR16-896145,9
TTR16-896150,20
TTR16-896155,15
TTR16-896160,20
TTR16-896545,6
TTR16-896550,11
TTR16-896555,20
TTR16-897345,9
TTR16-897350,20
TTR19-2126155,20
TTR19-2126160,20
TTR19-2126555,20
TTR19-2126560,20
TTR19-216145,10
TTR19-216150,11
TTR19-216155,15
TTR19-216160,7
TTR19-216545,15
TTR19-216550,12
TTR19-216555,16
TTR19-216560,7
TTR19-217345,8
TTR19-217350,5
TTR19-217355,14
TTR19-217360,12
TTR19-2856145,13
TTR19-2856150,12
TTR19-2856155,14
TTR19-2856160,17
TTR19-2856545,18
TTR19-2856550,12
TTR19-2856555,14
TTR19-2856560,15
TTR19-2857345,13
TTR19-2857350,10
TTR19-2857355,12
TTR19-2857360,13
TTR19-8116150,19
TTR19-8116160,20
TTR19-8116165,20
TTR19-8116170,20
TTR19-8116550,20
TTR19-8116560,20
TTR19-8116565,20
TTR19-8116570,20
TTR19-8117350,20
TTR19-8117360,20
TTR19-816145,11
TTR19-816150,20
TTR19-816155,20
TTR19-816160,20
TTR19-816545,15
TTR19-816550,19
TTR19-816555,20
TTR19-816560,9
TTR19-817350,12
TTR19-817355,10
TTR19-826155,18
TTR19-826160,20
TTR19-826555,20
TTR19-826560,20
TTR19-827355,3
TTR19-827360,10
TTR19-876140,20
TTR19-876145,20
TTR19-876540,20
TTR19-876545,20
TTR19-877340,18
TTR19-886145,20
TTR19-886150,0
TTR19-886155,20
TTR19-886545,20
TTR19-886550,12
TTR19-886555,20
TTR19-887345,20
TTR19-887350,2
TTR19-887355,13
TTR19-896145,8
TTR19-896150,20
TTR19-896155,20
TTR19-896160,20
TTR19-896545,8
TTR19-896550,20
TTR19-896555,20
TTR19-897345,6
TTR19-897350,20
